{
  "material": {
    "precision": 0.8333333333333334,
    "recall": 1.0,
    "f1-score": 0.9090909090909091,
    "support": 5,
    "confused_with": {}
  },
  "marca": {
    "precision": 1.0,
    "recall": 1.0,
    "f1-score": 1.0,
    "support": 2,
    "confused_with": {}
  },
  "color": {
    "precision": 1.0,
    "recall": 1.0,
    "f1-score": 1.0,
    "support": 12,
    "confused_with": {}
  },
  "tipo": {
    "precision": 1.0,
    "recall": 1.0,
    "f1-score": 1.0,
    "support": 7,
    "confused_with": {}
  },
  "categoria": {
    "precision": 1.0,
    "recall": 0.975609756097561,
    "f1-score": 0.9876543209876543,
    "support": 41,
    "confused_with": {
      "material": 1
    }
  },
  "gusto": {
    "precision": 1.0,
    "recall": 1.0,
    "f1-score": 1.0,
    "support": 3,
    "confused_with": {}
  },
  "talle": {
    "precision": 1.0,
    "recall": 1.0,
    "f1-score": 1.0,
    "support": 9,
    "confused_with": {}
  },
  "id": {
    "precision": 1.0,
    "recall": 1.0,
    "f1-score": 1.0,
    "support": 13,
    "confused_with": {}
  },
  "micro avg": {
    "precision": 0.9891304347826086,
    "recall": 0.9891304347826086,
    "f1-score": 0.9891304347826086,
    "support": 92
  },
  "macro avg": {
    "precision": 0.9791666666666667,
    "recall": 0.9969512195121951,
    "f1-score": 0.9870931537598204,
    "support": 92
  },
  "weighted avg": {
    "precision": 0.9909420289855073,
    "recall": 0.9891304347826086,
    "f1-score": 0.9895574098472649,
    "support": 92
  },
  "accuracy": 0.9984326018808778
}